DTYYYYMMDD,<FIRST>,<HIGH>,<LOW>,CLOSE,<VALUE>,<VOL>,<OPENINT>,<OPEN>,<LAST>
20230121,1094,1095,1036,1052,9.48E+11,901527745,17072,1082,1047
20230118,1082,1102,1064,1082,8.08E+11,746716512,15227,1095,1086
20230117,1114,1133,1071,1095,1.20E+12,1093231535,21606,1096,1077
20230116,1076,1101,1076,1096,1.60E+12,1462144369,22079,1049,1101
20230114,1021,1072,1010,1049,9.76E+11,930479870,15952,1062,1069
20230111,1090,1090,1045,1062,1.56E+12,1465454575,26217,1100,1045
20230110,1120,1129,1079,1100,1.50E+12,1361604734,26865,1092,1083
20230109,1094,1106,1058,1092,3.73E+12,3416097206,41706,1054,1106
20230108,1036,1054,1036,1054,1.96E+12,1859837961,14756,1004,1054
20230107,987,1023,986,1004,1.16E+12,1151186667,17162,975,1023
20230104,981,989,962,975,5.59E+11,572893132,9778,996,985
20230103,1001,1027,979,996,9.89E+11,993181528,15692,994,982
20230102,970,1004,965,994,8.98E+11,903250325,14492,958,990
20230101,957,985,943,958,8.39E+11,876166698,15828,973,964
20221231,998,998,967,973,2.10E+12,2157847766,28918,1017,968
20221228,989,1018,985,1017,2.52E+12,2477097272,25291,970,1018
20221226,967,989,952,970,8.41E+11,867536634,13157,963,974
20221225,970,972,952,963,8.97E+11,931578018,15130,953,963
20221224,937,956,935,953,1.68E+12,1766517013,20007,911,956
20221221,904,919,891,911,3.72E+11,408090055,6689,906,915
20221220,917,920,896,906,4.71E+11,520158934,9671,927,904
20221219,906,949,906,927,1.12E+12,1212311692,17871,906,920
20221218,893,917,893,906,5.38E+11,593292067,10846,890,899
20221217,899,899,883,890,3.71E+11,416894984,8166,901,891
20221214,903,918,891,901,6.08E+11,674324402,11337,887,894
20221213,871,890,855,887,1.30E+12,1466209713,18373,848,890
20221212,834,855,833,848,4.59E+11,541166386,7655,827,854
20221211,820,836,817,827,2.65E+11,320044367,5510,823,830
20221210,830,832,819,823,3.94E+11,479462200,7876,834,820
20221207,839,839,831,834,3.35E+11,402279939,6822,838,833
20221206,842,844,834,838,2.67E+11,318800070,6009,843,839
20221205,843,849,839,843,2.35E+11,278309503,5626,848,846
20221204,855,857,842,848,3.37E+11,397425768,6704,852,852
20221203,848,861,846,852,3.86E+11,452756494,7434,860,855
20221130,862,864,851,860,3.30E+11,383055798,5976,857,853
20221129,857,863,841,857,3.87E+11,451317096,7137,848,861
20221128,841,858,839,848,4.24E+11,500327454,7737,839,854
20221127,835,844,831,839,3.11E+11,370384878,6331,840,841
20221126,848,849,834,840,3.47E+11,412890045,6796,845,841
20221123,848,848,841,845,2.14E+11,253745803,5703,841,842
20221122,845,846,837,841,2.18E+11,259615975,6099,841,843
20221121,840,848,830,841,3.08E+11,366133741,6376,830,836
20221120,817,838,813,830,2.71E+11,326458930,5814,815,833
20221119,833,833,803,815,3.39E+11,416660755,7808,838,816
20221116,830,847,825,838,3.88E+11,462395351,6564,830,837
20221115,827,839,826,830,3.50E+11,420980242,6480,827,829
20221114,840,845,815,827,4.12E+11,497447975,9150,843,828
20221113,853,865,835,843,4.22E+11,500670430,9576,864,837
20221112,859,877,849,864,6.30E+11,729380850,10964,857,850
20221109,853,873,832,857,6.06E+11,707691512,11634,857,869
20221108,874,884,843,857,7.20E+11,839836968,14450,846,844
20221107,816,852,814,846,8.36E+11,988916430,12667,812,852
20221106,811,823,800,812,4.34E+11,534718955,9450,799,813
20221105,767,807,766,799,9.76E+11,1221382588,15343,769,807
20221102,771,776,761,769,4.62E+11,600418970,10128,772,767
20221101,770,788,765,772,5.11E+11,661719623,12699,761,768
20221031,763,768,753,761,6.05E+11,794196413,10249,739,764
20221017,874,879,866,874,5.65E+11,646605941,9448,875,879
20221016,882,884,870,875,3.32E+11,379499243,6216,880,873
20221015,880,885,874,880,3.03E+11,344956814,6228,874,880
20221012,870,882,866,874,2.45E+11,280338892,6199,864,879
20221011,859,871,859,864,4.07E+11,470976256,7936,860,870
20221010,863,881,856,860,4.70E+11,546335289,8753,863,857
20221009,880,880,854,863,5.59E+11,647789733,9578,885,859
20221008,886,897,879,885,3.55E+11,401192823,7379,885,880
20221004,888,898,881,885,2.76E+11,312246452,5549,889,883
20221003,893,897,883,889,2.56E+11,288297289,5231,891,890
20221002,885,896,884,891,3.46E+11,388323707,5856,893,893
20221001,906,909,885,893,3.47E+11,388233850,7967,912,886
20220928,910,923,901,912,2.37E+11,259671035,5876,905,908
20220926,889,917,889,905,2.21E+11,244409973,5324,894,905
20220924,909,909,882,894,5.42E+11,605942152,9927,912,899
20220921,916,917,910,912,3.22E+11,352874733,5674,917,912
20220920,921,922,915,917,2.34E+11,255354166,4672,920,916
20220919,916,927,915,920,2.61E+11,283291506,5019,920,921
20220918,925,930,917,920,3.08E+11,334276478,6546,932,920
20220914,930,940,927,932,2.74E+11,294457440,4926,930,931
20220913,930,940,925,930,2.46E+11,264736229,5343,928,929
20220912,930,940,923,928,5.26E+11,566250823,7058,930,929
20220911,932,933,927,930,2.73E+11,293178072,5360,932,929
20220910,936,939,928,932,4.16E+11,446079301,6532,945,931
20220907,954,954,935,945,2.69E+11,284265933,5566,952,940
20220906,958,958,950,952,1.82E+11,191662726,4476,961,958
20220905,965,966,958,961,2.45E+11,254637650,4484,963,958
20220904,955,969,955,963,1.94E+11,201315747,4226,960,964
20220903,970,975,952,960,3.44E+11,357981212,5844,974,964
20220831,979,980,970,974,2.27E+11,232610950,4335,978,973
20220830,976,983,972,978,3.43E+11,350324155,5264,979,977
20220829,978,983,972,979,2.90E+11,296776322,5336,977,980
20220828,979,982,969,977,2.99E+11,306195699,4835,981,981
20220827,973,990,971,981,4.98E+11,507974735,8956,977,975
20220824,970,987,961,977,3.42E+11,350441503,7255,966,982
20220823,963,975,952,966,2.85E+11,294930979,5643,957,969
20220822,951,962,951,957,2.65E+11,277009654,5022,953,956
20220821,956,966,950,953,3.51E+11,367971819,5788,956,950
20220820,961,962,950,956,3.40E+11,355379040,6331,965,957
20220817,973,977,961,965,3.09E+11,320642223,5566,973,965
20220816,982,988,965,973,5.11E+11,524888241,7656,975,966
20220815,965,989,956,975,3.58E+11,366965702,7326,967,976
20220814,984,985,953,967,5.56E+11,574940896,9931,975,965
20220813,940,978,939,975,1.56E+12,1598694997,19518,932,978
20220810,938,945,926,932,4.46E+11,478843788,5959,943,933
20220809,946,951,938,943,2.70E+11,286635052,6049,948,940
20220806,926,965,926,948,4.74E+11,499514650,9329,924,948
20220803,922,935,919,924,2.69E+11,291561703,5543,921,927
20220802,916,936,913,921,2.32E+11,252398895,5039,919,921
20220801,927,927,915,919,2.22E+11,241134036,4687,912,916
20220731,923,923,908,912,3.92E+11,429244621,7766,929,914
20220730,928,942,919,929,3.01E+11,323308607,6728,922,921
20220727,920,933,919,922,2.08E+11,225944497,5033,920,923
20220726,917,927,917,920,3.37E+11,366673137,6263,919,920
20220725,935,935,912,919,4.27E+11,464772100,8633,944,917
20220724,967,967,933,944,3.50E+11,371177048,7588,955,934
20220723,930,971,930,955,8.34E+11,873759363,15096,926,960
20220720,919,934,916,926,3.76E+11,405389419,7114,916,923
20220719,913,922,910,916,3.15E+11,343510783,6379,913,918
20220717,920,921,910,913,4.13E+11,452209812,8678,926,912
20220716,926,947,919,926,3.81E+11,411409780,8163,932,921
20220713,920,939,917,932,2.77E+11,297632079,6104,919,930
20220712,919,927,910,919,3.80E+11,413811563,7541,922,921
20220711,925,928,918,922,5.87E+11,636521575,10187,928,919
20220709,929,933,918,928,3.99E+11,429695836,8526,932,926
20220706,935,942,925,932,3.86E+11,413845070,8156,941,932
20220705,937,949,934,941,3.27E+11,347720152,6922,945,940
20220704,935,960,933,945,4.06E+11,429427492,7898,935,936
20220703,925,942,922,935,3.63E+11,388690463,7743,930,935
20220702,938,940,926,930,3.97E+11,426737276,8770,944,929
20220629,949,952,934,944,3.51E+11,371409663,7586,944,949
20220628,939,955,932,944,4.22E+11,447289542,9214,930,945
20220627,922,940,921,930,4.10E+11,441245943,10293,928,932
20220626,949,950,919,928,6.01E+11,647439174,13269,949,919
20220625,943,963,943,949,4.48E+11,472109431,10580,948,944
20220622,955,960,942,948,4.42E+11,466788995,11496,955,948
20220621,973,973,952,955,3.65E+11,381948907,9628,963,955
20220620,960,983,953,963,4.97E+11,515514146,10365,962,958
20220619,970,974,952,962,4.29E+11,446151484,10216,958,960
20220618,971,977,950,958,6.19E+11,646793034,13203,979,960
20220615,990,992,972,979,4.43E+11,452579076,10182,997,974
20220614,1007,1007,988,997,7.73E+11,775433367,13921,1010,990
20220613,999,1030,990,1010,7.32E+11,724320038,15195,982,1005
20220612,955,999,953,982,6.57E+11,669548065,13371,961,993
20220611,967,971,951,961,4.52E+11,470818925,10817,965,963
20220608,950,982,950,965,5.51E+11,571454441,12121,957,975
20220607,950,965,945,957,5.19E+11,542635868,12223,956,953
20220606,980,981,942,956,8.62E+11,901901010,19756,982,950
20220601,989,990,972,982,6.76E+11,688638282,14453,987,984
20220531,996,997,982,987,5.64E+11,571424466,12580,987,983
20220530,1000,1000,981,987,6.09E+11,617040378,15959,989,982
20220529,994,1001,982,989,8.73E+11,882337666,17974,1003,994
20220528,1017,1033,996,1003,8.32E+11,829624587,19926,1015,997
20220525,1017,1040,1007,1015,8.90E+11,877161322,16413,1013,1014
20220524,1010,1033,1001,1013,8.73E+11,861148558,17073,1013,1021
20220523,1039,1044,1002,1013,1.24E+12,1223923316,23027,1039,1009
20220522,1042,1052,1032,1039,6.84E+11,658176852,13569,1040,1039
20220521,1050,1052,1035,1040,9.08E+11,872551215,17322,1061,1039
20220518,1069,1076,1054,1061,1.02E+12,958062377,17806,1081,1058
20220517,1078,1103,1065,1081,1.68E+12,1550667794,24935,1065,1068
20220516,1068,1080,1055,1065,1.18E+12,1104965747,26285,1058,1071
20220515,1080,1085,1040,1058,1.18E+12,1110926166,20893,1069,1061
20220514,1072,1087,1054,1069,1.61E+12,1503346228,26666,1065,1076
20220511,1040,1083,1039,1065,1.53E+12,1439878510,24496,1037,1068
20220510,1032,1050,1025,1037,8.40E+11,809840509,16296,1044,1035
20220509,1069,1069,1030,1044,1.42E+12,1361130705,24036,1069,1035
20220508,1048,1083,1046,1069,2.26E+12,2115492913,37978,1032,1063
20220507,1028,1045,1021,1032,1.52E+12,1475156776,27913,1015,1042
20220502,1018,1025,1008,1015,8.94E+11,880531417,18179,1018,1018
20220501,1016,1037,1010,1018,9.79E+11,962067669,19075,1024,1016
20220430,1038,1038,1015,1024,1.07E+12,1048328041,23425,1039,1017
20220427,1042,1051,1027,1039,1.37E+12,1316844786,26083,1036,1032
20220426,1035,1049,1026,1036,1.21E+12,1171035379,22411,1019,1035
20220425,1018,1033,1007,1019,8.46E+11,830860261,17659,1022,1027
20220424,1028,1040,1012,1022,9.05E+11,885507789,18152,1021,1015
20220420,1025,1035,1012,1021,1.00E+12,983290686,19611,1030,1024
20220419,1025,1048,1016,1030,1.30E+12,1259360420,24031,1031,1024
20220418,1010,1036,1004,1031,2.95E+12,2860805270,36353,987,1021
20220417,992,1010,961,987,1.11E+12,1124061892,22282,985,1004
20220416,995,1009,976,985,8.28E+11,840418435,19292,983,983
20220413,950,999,950,983,8.35E+11,849867629,18616,975,988
20220412,1005,1008,967,975,1.67E+12,1710798286,33430,1017,967
20220411,1033,1037,1002,1017,1.30E+12,1283510770,29010,1029,1010
20220410,1020,1048,1020,1029,9.19E+11,893391287,16183,1017,1025
20220405,1016,1035,1006,1017,1.84E+12,1813304412,30953,1030,1013
20220404,1053,1066,1006,1030,1.87E+12,1815665441,36212,1047,1017
20220403,1035,1060,1027,1047,1.33E+12,1273028761,24321,1028,1047
20220330,1020,1040,1005,1028,1.12E+12,1094029354,22361,1031,1031
20220329,1042,1042,1005,1031,3.08E+12,2983810909,46004,993,1015
20220328,955,996,949,993,1.96E+12,1973556492,22354,949,996
20220327,947,963,934,949,7.11E+11,749489366,16321,945,947
20220326,962,966,934,945,7.90E+11,835505813,19105,950,940
20220319,940,958,928,950,1.16E+12,1218199038,21133,913,958
20220316,887,928,887,913,7.05E+11,771507064,15681,884,928
20220315,880,894,872,884,4.87E+11,550368822,12323,882,883
20220314,882,895,875,882,4.49E+11,509360862,13893,883,879
20220313,885,896,870,883,6.94E+11,785479290,18050,892,882
20220312,905,909,885,892,8.28E+11,928213936,21879,922,887
20220309,911,935,910,922,9.11E+11,988923189,22260,918,920
20220308,926,934,909,918,1.13E+12,1231607889,28381,947,912
20220307,956,969,925,947,1.68E+12,1777655588,38285,957,930
20220306,965,975,945,957,1.48E+12,1546834657,37409,950,952
20220305,937,957,922,950,2.92E+12,3071847825,59295,912,957
20220302,900,943,900,912,1.91E+12,2091419810,24350,950,928
20211229,10860,11160,10860,11000,2.60E+12,236542345,43837,11020,10970
20211228,11190,11190,10940,11020,1.32E+12,119634201,22978,11260,10960
20211227,11400,11550,11060,11260,1.47E+12,130099276,23673,11210,11190
20211226,11110,11480,11010,11210,2.03E+12,181278736,31623,11090,11320
20211225,11090,11090,11090,11090,5.09E+11,45917636,5836,10570,11090
20211222,10570,10570,10570,10570,3.34E+11,31624654,3031,10070,10570
20211221,10040,10210,9890,10070,4.92E+11,48837887,6980,9900,10170
20211220,9930,10020,9800,9900,4.59E+11,46413981,8125,9850,9900
20211219,10100,10120,9730,9850,3.35E+11,33994036,8623,10120,9760
20211218,10110,10300,10050,10120,3.29E+11,32556027,8484,10000,10090
20211215,10050,10140,9920,10000,3.89E+11,38955116,8324,10010,9980
20211214,9840,10220,9820,10010,5.51E+11,54986097,9958,10050,10030
20211213,10310,10440,9900,10050,9.20E+11,91540524,15640,10420,9900
20211212,10780,10790,10260,10420,4.30E+11,41272290,7994,10720,10370
20211211,10800,10980,10630,10720,3.78E+11,35269621,8454,10750,10630
20211208,10710,10950,10520,10750,7.09E+11,65980372,11741,10760,10750
20211207,10740,10850,10680,10760,4.71E+11,43806059,7709,10870,10700
20211206,10740,11110,10740,10870,4.87E+11,44818930,8698,10910,10760
20211205,10880,11050,10820,10910,5.06E+11,46371967,9427,10850,10850
20211204,11150,11150,10590,10850,6.96E+11,64091937,11885,10910,10950
20211201,11020,11100,10760,10910,5.60E+11,51277288,10034,11190,10930
20211130,11420,11420,11080,11190,5.60E+11,50034910,9551,11240,11100
20211129,11310,11490,11000,11240,5.71E+11,50800226,11541,11300,11100
20211128,10810,11620,10810,11300,9.30E+11,82320083,15925,11070,11180
20211127,11260,11260,11020,11070,1.02E+12,91775343,15524,11590,11020
20211124,11690,11840,11410,11590,1.10E+12,94755761,17607,11800,11500
20211123,11850,11930,11610,11800,3.44E+12,291597953,46202,11370,11660
20211122,11370,11370,11370,11370,4.41E+11,38827391,3777,10830,11370
20211121,10400,11100,10380,10830,1.29E+12,119248582,17875,10580,11100
20211120,10910,11000,10490,10580,1.27E+12,119659846,25247,11040,10490
20211117,10960,11220,10930,11040,7.04E+11,63776954,14814,10940,10930
20211116,10750,11190,10670,10940,8.14E+11,74364772,16025,11090,10970
20211115,11420,11490,10980,11090,1.29E+12,116202381,22869,11550,10980
20211114,11720,11940,11310,11550,1.18E+12,101813240,21648,11750,11410
20211113,12000,12000,11530,11750,1.08E+12,91781472,19705,12120,11580
20211110,12090,12250,11930,12120,1.30E+12,107613120,20756,12070,12130
20211109,11950,12320,11890,12070,1.31E+12,108512002,21395,12040,11990
20211108,12120,12340,11880,12040,1.90E+12,158012209,27495,12170,11910
20211107,12490,12580,12000,12170,3.47E+12,284848620,43785,12630,12000
20211106,12780,12780,12310,12630,3.19E+12,252271761,31768,11650,12400
20211017,13100,13190,12880,13000,2.65E+12,203521730,36941,12830,12970
20211016,12540,12840,12540,12830,7.03E+11,54786346,7926,12230,12840
20211013,12370,12600,12040,12230,8.13E+11,66485175,14407,12440,12360
20211012,12900,12900,12350,12440,1.22E+12,98011403,17960,12990,12350
20211011,13130,13240,12850,12990,7.33E+11,56385931,14219,13000,12890
20211010,13010,13100,12900,13000,7.80E+11,60005323,14085,13130,13050
20211009,13210,13370,12910,13130,1.59E+12,120979142,25342,13020,13000
20211006,13130,13200,12970,13020,7.17E+11,55051327,13772,13130,13090
20211004,13000,13240,12960,13130,5.75E+11,43827789,11625,12990,13080
20211003,13000,13110,12820,12990,9.89E+11,76158000,14596,13030,13070
20211002,12800,13230,12710,13030,1.10E+12,84338414,19415,12650,13090
20210929,12420,12860,12410,12650,8.30E+11,65611416,14968,12530,12760
20210928,12590,12840,12400,12530,6.24E+11,49817707,14498,12590,12430
20210926,12860,12900,12400,12590,6.87E+11,54585215,14994,12740,12500
20210925,12620,12890,12530,12740,9.55E+11,74946067,18425,12330,12760
20210922,12500,12640,12010,12330,1.15E+12,93379022,22018,12440,12510
20210921,12930,12990,12330,12440,1.43E+12,115275085,24110,12970,12460
20210920,13130,13170,12850,12970,8.98E+11,69226423,16348,12870,12990
20210919,12920,13170,12560,12870,1.48E+12,114685691,24512,12870,13030
20210918,13000,13190,12520,12870,1.59E+12,123529535,27056,12810,12960
20210915,13060,13060,12640,12810,1.16E+12,90270557,31618,13070,12730
20210914,12880,13260,12880,13070,9.28E+11,70994700,21168,12840,13030
20210913,12900,13210,12500,12840,9.88E+11,76932006,20428,12990,12860
20210912,13420,13450,12910,12990,1.74E+12,134219010,28764,13580,13020
20210911,13690,13960,13270,13580,1.53E+12,112458233,25338,13460,13420
20210908,13000,13590,12980,13460,3.09E+12,229587860,53540,12950,13590
20210907,12930,13090,12800,12950,1.38E+12,106856335,31026,13110,12910
20210906,13090,13400,12880,13110,1.84E+12,140559039,36816,13190,12940
20210905,13400,13470,13030,13190,1.79E+12,135317342,30399,13480,13090
20210904,13700,13800,13260,13480,1.66E+12,122826597,29279,13440,13360
20210901,13200,13690,13060,13440,1.53E+12,113640455,25533,13410,13580
20210831,13300,13830,13300,13410,3.01E+12,224096874,35400,13990,13300
20210830,13990,14490,13890,13990,1.59E+12,113625881,21482,14620,13890
20210829,14790,15170,14010,14620,3.56E+12,243207823,47189,14610,14110
20210828,14340,14800,14340,14610,2.29E+12,156505636,34656,14320,14620
20210825,14600,14650,14110,14320,2.57E+12,179644945,39269,14540,14300
20210824,14330,14790,14170,14540,1.96E+12,134960826,30733,14360,14490
20210823,14500,14630,14100,14360,2.09E+12,145717885,33241,14520,14260
20210822,14690,15000,14170,14520,3.77E+12,259854354,55269,14750,14470
20210815,14370,14960,14060,14750,2.39E+12,161653540,29896,14350,14830
20210814,14600,14650,13900,14350,3.53E+12,246200993,42168,14340,14500
20210811,13920,14360,13810,14340,6.43E+12,448320900,48293,13680,14360
20210810,13700,13950,13490,13680,1.83E+12,133843150,23704,13630,13740
20210809,13310,13850,13310,13630,1.41E+12,103101136,21138,13440,13570
20210808,13230,13650,13230,13440,1.16E+12,86618659,19280,13390,13370
20210807,13700,13840,13110,13390,1.65E+12,123349176,26868,13500,13230
20210804,13010,13600,13010,13500,3.44E+12,255047784,40637,12960,13600
20210803,12620,13150,12600,12960,1.47E+12,113549700,23308,12580,12970
20210802,12500,12740,12460,12580,8.26E+11,65650441,15035,12610,12620
20210801,12850,12880,12430,12610,8.79E+11,69665255,19126,12700,12480
20210731,12290,12920,12280,12700,1.50E+12,118014896,21957,12330,12700
20210728,12290,12660,12150,12330,1.13E+12,91557225,20358,12470,12280
20210727,12960,12960,12320,12470,1.50E+12,120555980,25932,12960,12340
20210726,13050,13260,12820,12960,1.28E+12,99109915,24919,13030,12870
20210719,13270,13340,12860,13030,1.76E+12,135069626,28786,12900,12960
20210718,12360,13210,12350,12900,3.21E+12,249173089,41437,12590,13210
20210717,12870,12940,12380,12590,1.52E+12,120451891,29048,12640,12420
20210714,12420,12840,12360,12640,1.53E+12,120698641,26974,12670,12750
20210713,12810,13080,12380,12670,1.57E+12,124169265,29731,12980,12480
20210712,13170,13280,12700,12980,1.69E+12,130348005,32288,12940,12790
20210711,12650,13230,12560,12940,2.78E+12,214903992,44046,13170,13040
20210710,13520,13530,13030,13170,9.32E+11,70741183,19833,13620,13090
20210707,13790,13930,13370,13620,1.17E+12,86065983,23479,13750,13540
20210706,13770,13770,13600,13750,3.88E+12,281920695,43157,13120,13760
20210705,13140,13360,12910,13120,1.33E+12,101612845,23581,13290,13140
20210704,13000,13680,12920,13290,1.17E+12,87815281,20222,13510,13200
20210703,14150,14150,13150,13510,1.87E+12,138799609,28185,13840,13150
20210630,13390,14180,13130,13840,2.44E+12,176032943,35228,13510,13910
20210629,13640,13850,13240,13510,1.92E+12,142174972,35698,13730,13390
20210628,13780,13780,13500,13730,6.55E+12,477105679,81398,13130,13590
20210627,13130,13130,13130,13130,5.63E+11,42900547,3015,12510,13130
20210626,12520,12520,12200,12510,2.81E+12,224809251,21872,11930,12520
20210623,11650,12160,11310,11930,1.77E+12,148665701,18897,11590,12160
20210622,11570,11890,11330,11590,1.04E+12,89538197,17440,11450,11600
20210621,11130,11660,11000,11450,2.20E+12,192152618,26928,11110,11500
20210620,11110,11110,11000,11110,2.28E+12,205695635,14439,10590,11110
20210619,10300,10680,10200,10590,6.39E+11,60322130,8635,10180,10680
20210616,10070,10390,10010,10180,2.90E+11,28490797,7193,10330,10200
20210615,10490,10600,10110,10330,3.52E+11,34089250,8798,10300,10120
20210614,10110,10430,10060,10300,5.53E+11,53692807,10855,9940,10430
20210613,9820,10090,9790,9940,2.66E+11,26800926,7265,9960,10070
20210612,10020,10220,9800,9960,2.53E+11,25409067,8218,10090,9880
20210609,10110,10250,10000,10090,2.44E+11,24227401,7558,10380,10080
20210608,10390,10720,10110,10380,5.06E+11,48732426,10862,10300,10150
20210607,10380,10470,10130,10300,3.96E+11,38483367,9970,10230,10280
20210602,10010,10390,9920,10230,5.26E+11,51464552,9069,10140,10270
20210601,10060,10410,9970,10140,2.89E+11,28473539,6616,10330,10050
20210531,10350,10650,10100,10330,4.37E+11,42250430,8304,10550,10160
20210530,10630,10670,10200,10550,8.38E+11,79426221,14346,10170,10290
20210529,9670,10200,9670,10170,5.99E+11,58872678,8408,9720,10200
20210526,9650,9890,9600,9720,2.12E+11,21775912,11267,9730,9700
20210525,9520,9870,9520,9730,2.56E+11,26366242,9485,9510,9720
20210524,9210,9780,9210,9510,3.18E+11,33399412,9759,9500,9620
20210523,9510,9770,9380,9500,3.58E+11,37668810,8929,9840,9410
20210522,10200,10250,9790,9840,5.16E+11,52468249,12320,10300,9800
20210519,10600,10620,10160,10300,3.42E+11,33177607,8848,10560,10350
20210518,10340,10740,10300,10560,3.32E+11,31419611,8044,10550,10580
20210517,10790,10900,10340,10550,3.09E+11,29278539,8433,10880,10400
20210516,10760,11150,10760,10880,3.28E+11,30192098,8666,11000,10790
20210515,10570,11290,10560,11000,3.91E+11,35548778,9739,10960,10830
20210512,11200,11340,10740,10960,6.82E+11,62219409,12843,11070,10800
20210511,10930,11290,10710,11070,6.95E+11,62731280,13181,10670,11110
20210510,10110,10880,10110,10670,8.32E+11,77986157,15059,10270,10880
20210509,10270,10450,10270,10270,6.26E+11,60932105,10427,10580,10280
20210508,10770,10980,10540,10580,5.60E+11,52957987,10321,10860,10540
20210505,10630,11070,10630,10860,4.40E+11,40483459,12484,10740,10860
20210503,10710,11000,10690,10740,3.84E+11,35707965,10125,11010,10720
20210502,11010,11190,11010,11010,4.87E+11,44203443,7206,11350,11010
20210501,11550,11780,11290,11350,5.51E+11,48553336,7916,11630,11290
20210428,11650,11950,11350,11630,5.27E+11,45301053,12552,11630,11530
20210427,11430,11900,11330,11630,8.81E+11,75735506,14771,11260,11530
20210426,10750,11600,10750,11260,7.99E+11,70973945,15285,10970,11360
20210425,10990,11190,10950,10970,5.92E+11,54012140,8242,11280,10950
20210424,11330,11550,11230,11280,6.12E+11,54241498,10665,11570,11230
20210421,11620,11900,11450,11570,7.10E+11,61346390,11815,11800,11450
20210420,11720,12050,11400,11800,1.35E+12,114390251,22034,11370,11580
20210419,11200,11700,11200,11370,1.15E+12,101184710,20782,11420,11630
20210418,11420,11450,11420,11420,4.43E+11,38771819,3109,11650,11420
20210417,11700,11820,11640,11650,5.42E+11,46491308,5045,11870,11640
20210414,11750,12200,11550,11870,2.27E+12,191383929,36379,11540,11700
20210413,11540,11540,11530,11540,1.05E+12,90845853,10876,10890,11540
20210412,10750,11150,10690,10890,6.14E+11,56375222,15585,10680,11070
20210411,10620,10890,10620,10680,6.09E+11,56988489,15535,10830,10730
20210410,10850,11000,10830,10830,4.58E+11,42237904,7512,11050,10830
20210407,11080,11240,11040,11050,6.58E+11,59532104,12893,11260,11050
20210406,11490,11530,11100,11260,6.71E+11,59639336,15885,11130,11160
20210405,10680,11470,10680,11130,1.03E+12,92404593,25142,10880,11420
20210404,10890,11000,10880,10880,5.57E+11,51135743,11154,11100,10880
20210403,11110,11300,11090,11100,5.64E+11,50815394,12782,11310,11090
20210331,11500,11590,11280,11310,6.30E+11,55736485,16421,11510,11300
20210330,11520,11770,11220,11510,9.61E+11,83528311,24807,11440,11440
20210328,11410,11660,11300,11440,1.52E+12,132706197,23037,10650,11420
20210314,19030,19370,18630,18900,2.02E+12,106986423,31785,19000,18720
20210313,18620,19370,18590,19000,1.52E+12,79966436,26224,18960,19060
20210310,18930,19200,18930,18960,1.25E+12,65668566,18035,19310,18930
20210309,19480,20210,18820,19310,1.37E+12,71209319,28371,19190,18860
20210308,18660,19460,18450,19190,2.00E+12,104224537,31223,18360,19450
20210307,18030,18700,18030,18360,1.15E+12,62449725,25949,18200,18510
20210306,18340,18550,18180,18200,1.54E+12,84608480,25146,18550,18180
20210303,18800,19150,18530,18550,1.30E+12,69942639,23676,18900,18550
20210302,19100,19610,18690,18900,1.94E+12,102568321,34394,19070,18740
20210301,19040,19450,19040,19070,2.90E+12,151916980,42997,19420,19080
20210228,19420,19420,19420,19420,4.65E+11,23941477,2562,19810,19420
20210227,19810,19810,19810,19810,5.21E+11,26315405,2902,20210,19810
20210224,20630,20910,20090,20210,9.66E+11,47803576,14713,20500,20090
20210223,20350,21100,20350,20500,2.91E+12,142028013,34085,20760,20800
20210222,20760,20760,20760,20760,4.80E+11,23141626,1834,21180,20760
20210221,21180,21180,21180,21180,4.92E+11,23233536,1694,21610,21180
20210220,21610,21700,21610,21610,7.00E+11,32370901,4809,22050,21610
20210217,22050,22140,22050,22050,9.09E+11,41221372,5884,22500,22050
20210216,22500,22700,22500,22500,4.48E+11,19900187,3725,22950,22500
20210215,22940,23210,22940,22950,1.94E+12,84606104,16404,23400,22940
20210214,24000,24210,23210,23400,2.90E+12,124108923,29836,23680,23210
20210213,23720,23990,23000,23680,3.64E+12,153792372,40601,22640,23990
20210209,22290,23000,21700,22640,2.57E+12,113360634,35784,22270,22790
20210208,22700,22700,21150,22270,3.85E+12,172698757,44196,21620,22280
20210207,20910,21800,20910,21620,1.23E+12,57077056,14091,20770,21800
20210206,21000,21560,20740,20770,1.37E+12,65783014,9017,21830,20740
20210203,22400,23250,21610,21830,1.83E+12,83781296,18945,22740,21610
20210202,23200,23500,22610,22740,4.00E+12,175805472,35788,23790,22610
20210201,23460,24890,22800,23790,5.00E+12,210377524,56615,23790,23200
20210131,23820,23820,23260,23790,1.02E+13,429564887,73972,22690,23600
20210130,22690,22690,22690,22690,4.19E+11,18473461,6485,21610,22690
20210127,21200,22600,20870,21610,6.57E+12,304243085,49360,21960,22600
20210126,22900,23270,21470,21960,3.60E+12,163879661,36907,22600,21470
20210125,21500,23000,20830,22600,6.06E+12,268035495,61387,21910,22650
20210124,22300,22300,20810,21910,7.24E+12,330596592,70932,21240,22300
20210123,21240,21240,21240,21240,7.33E+11,34497631,5357,20230,21240
20210120,19990,20290,19500,20230,1.23E+12,60696166,10440,19330,20290
20210119,18000,19840,18000,19330,3.49E+12,180429072,44268,18900,19800
20210118,19000,19490,18850,18900,1.37E+12,72432081,13284,19840,18850
20210116,20990,21250,19560,19840,3.31E+12,166887857,35024,20580,19560
20210113,20030,20850,19120,20580,7.03E+12,341581540,71756,19860,20850
20210112,20740,20740,19640,19860,3.00E+12,150796175,31891,20670,19640
20210111,20730,20730,20150,20670,5.30E+12,256613082,43683,19750,20730
20210110,19200,19810,19200,19750,2.13E+12,108017563,21466,18870,19810
20210109,19100,19860,18640,18870,2.99E+12,158623627,55313,19620,19000
20210106,20000,20200,19410,19620,3.35E+12,170578376,56060,20430,19410
20210105,20860,21070,20290,20430,2.33E+12,114024113,41178,21350,20290
20210104,21290,22000,20920,21350,2.75E+12,129011606,46580,21290,21080
20210103,20990,22300,20720,21290,3.08E+12,144441347,53361,21700,21140
20210102,21840,22710,21580,21700,2.98E+12,137406283,40877,22710,21580
20201230,23120,23400,22480,22710,3.15E+12,138861717,52348,23660,22480
20201229,25380,25380,23360,23660,3.76E+12,158716968,57609,24580,23420
20201228,24190,24700,23600,24580,3.96E+12,161233223,54641,23530,24700
20201227,22000,23880,21950,23530,6.01E+12,255347189,95213,22750,23880
20201226,23420,23420,22600,22750,4.67E+12,205214212,82612,23780,22600
20201223,24470,24630,23170,23780,3.49E+12,146849658,62984,24110,23390
20201222,24000,24810,23650,24110,4.57E+12,189573781,73947,24460,24190
20201221,24700,25330,24100,24460,3.76E+12,153705270,60454,25360,24100
20201220,26600,26640,24550,25360,3.82E+12,150678155,62322,25490,24870
20201219,25020,25850,24250,25490,4.04E+12,158396868,51795,24620,25850
20201216,24510,25450,24510,24620,6.48E+12,262984313,108144,25800,24590
20201215,25800,26100,25800,25800,1.48E+12,57453535,14961,27150,25800
20201214,27600,28470,26550,27150,3.90E+12,143671067,69569,27940,26550
20201213,28100,28480,27580,27940,4.81E+12,172058561,82830,28880,27700
20201212,29100,29700,28370,28880,6.35E+12,219716268,97477,28870,28450
20201209,29150,29570,28360,28870,5.36E+12,185583661,97886,29360,29220
20201208,29500,30150,28900,29360,4.18E+12,142262237,77554,30320,29120
20201207,31000,31640,29070,30320,8.06E+12,265682547,111754,30590,29450
20201206,30140,30640,29600,30590,9.83E+12,321281867,85549,29190,30640
20201205,28170,29980,28130,29190,6.10E+12,209139260,87307,29310,29530
20201202,29120,30480,28300,29310,7.71E+12,263163399,118749,29610,28780
20201201,29990,30590,29000,29610,8.10E+12,273536019,113606,30360,29120
20201130,30700,30950,29550,30360,9.73E+12,320673802,130606,29480,30020
20201129,28800,29550,28300,29480,8.93E+12,302799409,69963,28150,29550
20201128,27200,29000,26700,28150,9.78E+12,347582228,136906,27980,28250
20201125,27800,28990,27800,27980,1.62E+13,580476143,198763,29260,27800
20201124,30000,30490,29070,29260,7.80E+12,266630535,99539,30590,29070
20201123,30880,32000,30010,30590,8.50E+12,277954297,127608,31120,30130
20201122,30700,32690,30490,31120,1.35E+13,433440514,151586,32090,30700
20201121,32530,32530,30000,32090,2.48E+13,771462399,284829,30990,30500
20201118,30990,30990,30990,30990,1.74E+12,56267546,18760,29520,30990
20201117,29000,30450,28980,29520,1.21E+13,411159311,79730,35940,30450
20200906,38900,39900,36250,37140,9.92E+12,267054307,96760,38150,36250
20200905,40100,40980,37740,38150,1.89E+13,496542900,178538,39720,39180
20200902,39720,39720,39720,39720,2.96E+12,74602931,13529,41810,39720
20200901,42300,42300,41670,41810,1.96E+12,46937158,25224,43860,41670
20200831,46000,47100,42850,43860,2.44E+13,556622272,191960,45100,43610
20200826,45100,45100,45000,45100,6.08E+12,134915099,59388,42960,45000
20200825,41450,43520,39380,42960,9.17E+12,213486652,81666,41450,43520
20200824,41450,45810,41450,41450,1.59E+13,383256564,59076,43630,41450
20200823,43630,43630,43630,43630,8.11E+11,18592465,14761,45920,43630
20200822,48400,49830,45090,45920,9.91E+12,215861599,85825,47460,45090
20200819,47460,47460,47460,47460,7.41E+11,15613250,25275,49950,47460
20200818,53000,53010,48360,49950,2.24E+13,447696113,220376,50900,48360
20200817,50900,50900,50900,50900,3.52E+12,69196712,28899,48480,50900
20200816,49300,50000,46840,48480,7.66E+12,157905712,77316,58780,47470
20200812,58780,60000,58780,58780,4.87E+12,82876368,76026,61870,58780
20200811,61700,65800,59540,61870,5.06E+12,81865872,37948,62670,62000
20200805,62670,62670,60000,62670,3.05E+12,48644941,11769,59690,62670
20200804,58800,60380,54640,59690,1.49E+13,249360663,174461,57510,60290
20200803,57610,57610,54000,57510,2.39E+13,416087090,211734,54870,57610
20200802,54870,54870,54870,54870,9.61E+12,175168898,20081,52260,54870
20200801,52260,52260,52260,52260,1.90E+12,36288543,10369,49780,52260
20200729,48540,50960,46120,49780,8.14E+12,163424246,71202,48540,50900
20200728,49150,51560,46660,48540,1.77E+13,364029625,209418,49110,47400
20200727,49110,49110,49110,49110,1.14E+13,232735041,22173,46780,49110
20200726,46780,46780,46780,46780,1.02E+13,218843738,22141,44560,46780
20200725,44560,44560,44560,44560,9.71E+12,217850225,20851,42440,44560
20200722,42440,42440,42440,42440,1.31E+12,30962425,6863,40420,42440
20200721,40510,40510,38590,40420,1.38E+13,342284555,101494,38590,40510
20200719,38590,38590,38590,38590,2.86E+12,74096877,11696,36760,38590
20200718,35990,37720,34140,36760,7.05E+12,191737727,76115,35930,37290
20200715,37000,37340,33800,35930,1.90E+13,528324094,187692,35570,35880
20200714,35570,35570,33880,35570,8.35E+12,234756920,25093,33880,35570
20200713,33880,33880,33880,33880,7.59E+12,224084732,14758,32270,33880
20200712,32270,32270,32270,32270,6.07E+12,188098699,8234,30740,32270
20200711,30740,30740,30740,30740,6.18E+11,20095028,7750,29280,30740
20200708,29280,29280,29280,29280,6.42E+12,219344810,33462,27890,29280
20200701,28080,28080,28080,27890,1.29E+11,4578610,3679,26750,28080
20200630,26750,26750,26750,26750,5.51E+11,20583008,23633,25480,26750
20200629,24700,25890,24000,25480,2.56E+12,100371980,35598,24660,25890
20200628,24840,24840,23670,24660,7.05E+12,285986429,74278,23660,24840
20200627,23660,23660,23660,23660,1.29E+12,54537095,22629,22540,23660
20200624,21500,22950,21400,22540,3.97E+12,175939938,50622,21860,22950
20200623,22020,22020,20980,21860,4.17E+12,190560123,47854,20980,21240
20200622,20980,20980,20980,20980,1.59E+12,75628443,16537,19990,20980
20200621,20020,20020,19000,19990,3.98E+12,198851843,42132,19070,20020
20200620,18510,19220,18500,19070,4.15E+12,217678331,65634,18310,19220
20200616,18100,18900,17610,18310,5.24E+12,285919886,98688,18100,18490
20200615,18300,18620,17690,18100,3.78E+12,208839124,72745,17830,17820
20200614,18570,18580,17510,17830,4.99E+12,279785876,104109,18430,17940
20200613,18440,18850,17250,18430,4.45E+12,241425631,103694,18156,18340
20200610,18065,18608,17801,18156,5.05E+12,278226446,108169,18101,18111
20200609,18200,18996,17606,18101,4.61E+12,254714762,99272,18276,17950
20200608,17876,18767,16981,18276,7.56E+12,413819700,137936,17874,17930
20200607,17876,17876,17700,17874,5.15E+12,288209600,65181,17025,17876
20200606,17025,17025,17025,17025,1.26E+12,74167944,28005,16215,17025
20200602,16189,16290,15911,16215,2.99E+12,184130376,60977,15515,16290
20200601,15500,15700,15100,15515,2.87E+12,185194007,64933,15023,15669
20200531,15089,15868,14358,15023,2.14E+12,142247680,50397,15113,15072
20200530,15113,15113,15113,15113,9.17E+11,60651681,15565,14394,15113
20200527,14394,14394,14394,14394,1.17E+12,81393894,24725,13709,14394
20200526,13709,14327,13709,13709,3.83E+11,27927529,6773,14430,13709
20200523,14450,14800,14327,14430,3.37E+12,233868755,82348,15081,14327
20200520,14870,16000,14850,15081,4.59E+12,304185319,153165,15273,14999
20200519,15430,15873,14888,15273,5.22E+12,341719786,113983,15118,15160
20200518,15118,15118,15118,15118,8.42E+11,55724282,22446,14399,15118
20200517,14034,15510,14034,14399,4.39E+12,305079856,116632,14772,14771
20200516,15600,15600,14771,14772,8.53E+11,57729745,16498,15548,14771
20200513,15550,17140,15508,15548,7.36E+12,473223138,180257,16324,15600
20200512,16744,16744,15150,16324,1.19E+13,727044963,226166,15947,15600
20200511,15947,15947,15947,15947,5.66E+11,35470011,12824,15188,15947
20200510,15188,15188,15188,15188,6.53E+11,42964937,19285,14465,15188
20200505,13930,14626,13930,14465,2.31E+12,159556314,48485,13267,14626
20200503,13267,13267,13267,13267,1.39E+11,10443688,5132,12636,13267
20200502,12636,12636,12636,12636,1.28E+11,10159923,5500,12035,12636
20200429,12045,12045,12045,12031,1.45E+11,12050218,6238,11472,12045
20200428,11472,11472,11472,11472,1.80E+11,15653896,7313,10926,11472
20200427,11004,11004,11004,10926,1.16E+11,10511581,5664,10480,11004
20200426,10528,10528,10528,10480,1.17E+11,11150463,5678,10027,10528
20200425,10222,10222,10222,10027,75670624284,7402722,4047,9736,10222
20200422,9957,9957,9957,9722,70005944439,7030827,4259,9483,9957
20200421,9732,9732,9732,9483,62696434404,6442297,3290,9269,9732
20200420,9478,9478,9478,9269,71072242612,7498654,3759,9027,9478
20200419,9333,9333,9333,9027,40548235797,4344609,2796,8889,9333
20200418,9030,9030,9030,8889,84687412530,9378451,2122,8600,9030
20200415,8600,8600,8600,8600,5.76E+13,6699987426,2061657,1000,8600
